Country,Fund Type,Income Classification,Theme/Objective,World Bank Region,Amount of Funding Approved (USD millions)
India,Multilateral,Lower middle income,Mitigation - General,South Asia,0.25
Sri Lanka,Multilateral,Lower middle income,Mitigation - General,South Asia,1.79
Bhutan,Multilateral,Lower middle income,Mitigation - General,South Asia,2.64
Albania,Multilateral,Upper middle income,Mitigation - General,Europe & Central Asia,0.93
Albania,Multilateral,Upper middle income,Mitigation - General,Europe & Central Asia,0.76
Algeria,Multilateral,Upper middle income,Mitigation - General,Middle East & North Africa,4.42
Angola,Multilateral,Lower middle income,Mitigation - General,Sub-Saharan Africa,4.62
Angola,Multilateral,Lower middle income,Mitigation - General,Sub-Saharan Africa,3.54
Argentina,Multilateral,High income,Mitigation - General,Latin America & Caribbean,103
Argentina,Multilateral,High income,Mitigation - General,Latin America & Caribbean,2.91
Argentina,Multilateral,High income,Mitigation - General,Latin America & Caribbean,6.29
Argentina,Multilateral,High income,Mitigation - General,Latin America & Caribbean,2.78
Argentina,Multilateral,High income,Mitigation - General,Latin America & Caribbean,14.63
Argentina,Multilateral,High income,Mitigation - General,Latin America & Caribbean,6
Argentina,Multilateral,High income,Mitigation - General,Latin America & Caribbean,0.35
Argentina,Multilateral,High income,Mitigation - General,Latin America & Caribbean,3
Armenia,Multilateral,Upper middle income,Mitigation - General,Europe & Central Asia,1.82
Armenia,Multilateral,Upper middle income,Mitigation - General,Europe & Central Asia,1.05
Armenia,Multilateral,Upper middle income,Mitigation - General,Europe & Central Asia,3
Armenia,Multilateral,Upper middle income,Mitigation - General,Europe & Central Asia,20
Armenia,Multilateral,Upper middle income,Mitigation - General,Europe & Central Asia,0.55
Armenia,Multilateral,Upper middle income,Mitigation - General,Europe & Central Asia,1.6
Antigua and Barbuda,Multilateral,High income,Mitigation - General,Latin America & Caribbean,3.25
Armenia,Multilateral,Upper middle income,Mitigation - General,Europe & Central Asia,0.59
Armenia,Multilateral,Upper middle income,Mitigation - General,Europe & Central Asia,0.99
Armenia,Multilateral,Upper middle income,Mitigation - General,Europe & Central Asia,6.3
Armenia,Multilateral,Upper middle income,Mitigation - General,Europe & Central Asia,26
Armenia,Multilateral,Upper middle income,Mitigation - General,Europe & Central Asia,2.25
Armenia,Multilateral,Upper middle income,Mitigation - General,Europe & Central Asia,3
Azerbaijan,Multilateral,Upper middle income,Mitigation - General,Europe & Central Asia,3.57
Azerbaijan,Multilateral,Upper middle income,Mitigation - General,Europe & Central Asia,4.52
Bahamas,Multilateral,High income,Mitigation - General,Latin America & Caribbean,1
Bangladesh,Multilateral,Lower middle income,Mitigation - General,South Asia,29.25
Bangladesh,Multilateral,Lower middle income,Mitigation - General,South Asia,15.35
Bangladesh,Multilateral,Lower middle income,Mitigation - General,South Asia,0.42
Bangladesh,Multilateral,Lower middle income,Mitigation - General,South Asia,15.5
Bangladesh,Multilateral,Lower middle income,Mitigation - General,South Asia,0.35
Bangladesh,Multilateral,Lower middle income,Mitigation - General,South Asia,22.44
Bangladesh,Multilateral,Lower middle income,Mitigation - General,South Asia,1.79
Maldives,Multilateral,Upper middle income,Mitigation - General,South Asia,1.83
India,Multilateral,Lower middle income,Mitigation - General,South Asia,5.37
India,Multilateral,Lower middle income,Mitigation - General,South Asia,6.3
India,Multilateral,Lower middle income,Mitigation - General,South Asia,12.11
India,Multilateral,Lower middle income,Mitigation - General,South Asia,1
India,Multilateral,Lower middle income,Mitigation - General,South Asia,45.4
Pakistan,Multilateral,Lower middle income,Mitigation - General,South Asia,3.44
Regional - Latin America and Sub-Saharan Africa,Multilateral,Not applicable,Mitigation - General,Not applicable,25
Barbados,Multilateral,High income,Mitigation - General,Latin America & Caribbean,1
Barbados,Multilateral,High income,Mitigation - General,Latin America & Caribbean,1.78
Belarus,Multilateral,Upper middle income,Mitigation - General,Europe & Central Asia,4.5
Belarus,Multilateral,Upper middle income,Mitigation - General,Europe & Central Asia,3.05
Belarus,Multilateral,Upper middle income,Mitigation - General,Europe & Central Asia,3.09
Barbados,Multilateral,High income,Mitigation - General,Latin America & Caribbean,1.59
Benin,Multilateral,Low income,Mitigation - General,Sub-Saharan Africa,1.82
Benin,Multilateral,Low income,Mitigation - General,Sub-Saharan Africa,3.87
Benin,Multilateral,Low income,Mitigation - General,Sub-Saharan Africa,1.83
Benin,Multilateral,Low income,Mitigation - General,Sub-Saharan Africa,1.33
Afghanistan,Multilateral,Low income,Mitigation - General,South Asia,10.5
Afghanistan,Multilateral,Low income,Mitigation - General,South Asia,2.7
India,Multilateral,Lower middle income,Mitigation - General,South Asia,18.86
Pakistan,Multilateral,Lower middle income,Mitigation - General,South Asia,1.58
Bosnia and Herzegovina,Multilateral,Upper middle income,Mitigation - General,Europe & Central Asia,0.97
Bosnia and Herzegovina,Multilateral,Upper middle income,Mitigation - General,Europe & Central Asia,2.37
Bosnia and Herzegovina,Multilateral,Upper middle income,Mitigation - General,Europe & Central Asia,17.35
Botswana,Multilateral,Upper middle income,Mitigation - General,Sub-Saharan Africa,2.63
Brazil,Multilateral,Upper middle income,Mitigation - General,Latin America & Caribbean,20
Brazil,Multilateral,Upper middle income,Mitigation - General,Latin America & Caribbean,16.15
Brazil,Multilateral,Upper middle income,Mitigation - General,Latin America & Caribbean,2.1
Brazil,Multilateral,Upper middle income,Mitigation - General,Latin America & Caribbean,0.99
Brazil,Multilateral,Upper middle income,Mitigation - General,Latin America & Caribbean,7.8
Brazil,Multilateral,Upper middle income,Mitigation - General,Latin America & Caribbean,13.5
Brazil,Multilateral,Upper middle income,Mitigation - General,Latin America & Caribbean,4.18
Brazil,Multilateral,Upper middle income,Mitigation - General,Latin America & Caribbean,7.15
Brazil,Multilateral,Upper middle income,Mitigation - General,Latin America & Caribbean,6
Brazil,Multilateral,Upper middle income,Mitigation - General,Latin America & Caribbean,7
Brazil,Multilateral,Upper middle income,Mitigation - General,Latin America & Caribbean,60.33
Brazil,Multilateral,Upper middle income,Mitigation - General,Latin America & Caribbean,4.48
Brazil,Multilateral,Upper middle income,Mitigation - General,Latin America & Caribbean,0.35
Brazil,Multilateral,Upper middle income,Mitigation - General,Latin America & Caribbean,3
Burkina Faso,Multilateral,Low income,Mitigation - General,Sub-Saharan Africa,93
Burkina Faso,Multilateral,Low income,Mitigation - General,Sub-Saharan Africa,1.31
Burkina Faso,Multilateral,Low income,Mitigation - General,Sub-Saharan Africa,0.43
Burkina Faso,Multilateral,Low income,Mitigation - General,Sub-Saharan Africa,0.91
Burkina Faso,Multilateral,Low income,Mitigation - General,Sub-Saharan Africa,23.55
Burundi,Multilateral,Low income,Mitigation - General,Sub-Saharan Africa,1.82
Burundi,Multilateral,Low income,Mitigation - General,Sub-Saharan Africa,1.58
Cabo Verde,Multilateral,Lower middle income,Mitigation - General,Sub-Saharan Africa,1.76
Cabo Verde,Multilateral,Lower middle income,Mitigation - General,Sub-Saharan Africa,1.92
Burkina Faso,Multilateral,Low income,Mitigation - General,Sub-Saharan Africa,0.92
Burundi,Multilateral,Low income,Mitigation - General,Sub-Saharan Africa,6
Cabo Verde,Multilateral,Lower middle income,Mitigation - General,Sub-Saharan Africa,1.01
Cabo Verde,Multilateral,Lower middle income,Mitigation - General,Sub-Saharan Africa,0.85
Cambodia,Multilateral,Lower middle income,Mitigation - General,East Asia & Pacific,0.42
Bhutan,Multilateral,Lower middle income,Mitigation - General,South Asia,0.75
Cambodia,Multilateral,Lower middle income,Mitigation - General,East Asia & Pacific,6
Cambodia,Multilateral,Lower middle income,Mitigation - General,East Asia & Pacific,5
Cambodia,Multilateral,Lower middle income,Mitigation - General,East Asia & Pacific,4.7
Cambodia,Multilateral,Lower middle income,Mitigation - General,East Asia & Pacific,14
Cambodia,Multilateral,Lower middle income,Mitigation - General,East Asia & Pacific,1.69
Cambodia,Multilateral,Lower middle income,Mitigation - General,East Asia & Pacific,1.24
Cambodia,Multilateral,Lower middle income,Mitigation - General,East Asia & Pacific,1.5
Cambodia,Multilateral,Lower middle income,Mitigation - General,East Asia & Pacific,1.78
Cameroon,Multilateral,Lower middle income,Mitigation - General,Sub-Saharan Africa,2
Cameroon,Multilateral,Lower middle income,Mitigation - General,Sub-Saharan Africa,1.73
Cambodia,Multilateral,Lower middle income,Mitigation - General,East Asia & Pacific,1.42
Central African Republic,Multilateral,Low income,Mitigation - General,Sub-Saharan Africa,2.65
Chad,Multilateral,Low income,Mitigation - General,Sub-Saharan Africa,1.76
Chad,Multilateral,Low income,Mitigation - General,Sub-Saharan Africa,0.67
Chad,Multilateral,Low income,Mitigation - General,Sub-Saharan Africa,2.56
Chile,Multilateral,High income,Mitigation - General,Latin America & Caribbean,24.36
Chile,Multilateral,High income,Mitigation - General,Latin America & Caribbean,3
Chile,Multilateral,High income,Mitigation - General,Latin America & Caribbean,20
Chile,Multilateral,High income,Mitigation - General,Latin America & Caribbean,16.5
Chile,Multilateral,High income,Mitigation - General,Latin America & Caribbean,0.75
Chile,Multilateral,High income,Mitigation - General,Latin America & Caribbean,12.3
Chile,Multilateral,High income,Mitigation - General,Latin America & Caribbean,2.73
Chile,Multilateral,High income,Mitigation - General,Latin America & Caribbean,2.36
Chile,Multilateral,High income,Mitigation - General,Latin America & Caribbean,2.64
Chile,Multilateral,High income,Mitigation - General,Latin America & Caribbean,1.72
Chile,Multilateral,High income,Mitigation - General,Latin America & Caribbean,1.47
Chile,Multilateral,High income,Mitigation - General,Latin America & Caribbean,2.9
Chile,Multilateral,High income,Mitigation - General,Latin America & Caribbean,39
Chad,Multilateral,Low income,Mitigation - General,Sub-Saharan Africa,2.95
Chad,Multilateral,Low income,Mitigation - General,Sub-Saharan Africa,1.05
Chile,Multilateral,High income,Mitigation - General,Latin America & Caribbean,1.78
Chile,Multilateral,High income,Mitigation - General,Latin America & Caribbean,0.35
Chile,Multilateral,High income,Mitigation - General,Latin America & Caribbean,4.98
China,Multilateral,Upper middle income,Mitigation - General,East Asia & Pacific,21
China,Multilateral,Upper middle income,Mitigation - General,East Asia & Pacific,19.7
China,Multilateral,Upper middle income,Mitigation - General,East Asia & Pacific,14
China,Multilateral,Upper middle income,Mitigation - General,East Asia & Pacific,13.5
China,Multilateral,Upper middle income,Mitigation - General,East Asia & Pacific,13.39
China,Multilateral,Upper middle income,Mitigation - General,East Asia & Pacific,10
China,Multilateral,Upper middle income,Mitigation - General,East Asia & Pacific,9.2
China,Multilateral,Upper middle income,Mitigation - General,East Asia & Pacific,7
China,Multilateral,Upper middle income,Mitigation - General,East Asia & Pacific,6.26
China,Multilateral,Upper middle income,Mitigation - General,East Asia & Pacific,6.16
China,Multilateral,Upper middle income,Mitigation - General,East Asia & Pacific,5.77
China,Multilateral,Upper middle income,Mitigation - General,East Asia & Pacific,5
China,Multilateral,Upper middle income,Mitigation - General,East Asia & Pacific,4.8
China,Multilateral,Upper middle income,Mitigation - General,East Asia & Pacific,4
China,Multilateral,Upper middle income,Mitigation - General,East Asia & Pacific,1
China,Multilateral,Upper middle income,Mitigation - General,East Asia & Pacific,27.28
China,Multilateral,Upper middle income,Mitigation - General,East Asia & Pacific,18.18
China,Multilateral,Upper middle income,Mitigation - General,East Asia & Pacific,17.8
China,Multilateral,Upper middle income,Mitigation - General,East Asia & Pacific,12
China,Multilateral,Upper middle income,Mitigation - General,East Asia & Pacific,8.23
China,Multilateral,Upper middle income,Mitigation - General,East Asia & Pacific,6.24
China,Multilateral,Upper middle income,Mitigation - General,East Asia & Pacific,5.38
China,Multilateral,Upper middle income,Mitigation - General,East Asia & Pacific,5.1
China,Multilateral,Upper middle income,Mitigation - General,East Asia & Pacific,4.35
China,Multilateral,Upper middle income,Mitigation - General,East Asia & Pacific,3.64
China,Multilateral,Upper middle income,Mitigation - General,East Asia & Pacific,3.5
China,Multilateral,Upper middle income,Mitigation - General,East Asia & Pacific,2.91
China,Multilateral,Upper middle income,Mitigation - General,East Asia & Pacific,2.55
China,Multilateral,Upper middle income,Mitigation - General,East Asia & Pacific,2.32
China,Multilateral,Upper middle income,Mitigation - General,East Asia & Pacific,8.93
China,Multilateral,Upper middle income,Mitigation - General,East Asia & Pacific,8.93
China,Multilateral,Upper middle income,Mitigation - General,East Asia & Pacific,8.93
China,Multilateral,Upper middle income,Mitigation - General,East Asia & Pacific,8.25
China,Multilateral,Upper middle income,Mitigation - General,East Asia & Pacific,7.28
China,Multilateral,Upper middle income,Mitigation - General,East Asia & Pacific,3.77
China,Multilateral,Upper middle income,Mitigation - General,East Asia & Pacific,26.91
China,Multilateral,Upper middle income,Mitigation - General,East Asia & Pacific,10.09
China,Multilateral,Upper middle income,Mitigation - General,East Asia & Pacific,17.43
China,Multilateral,Upper middle income,Mitigation - General,East Asia & Pacific,9.34
China,Multilateral,Upper middle income,Mitigation - General,East Asia & Pacific,8.93
China,Multilateral,Upper middle income,Mitigation - General,East Asia & Pacific,0.35
Colombia,Multilateral,Upper middle income,Mitigation - General,Latin America & Caribbean,5.08
Colombia,Multilateral,Upper middle income,Mitigation - General,Latin America & Caribbean,9.8
Colombia,Multilateral,Upper middle income,Mitigation - General,Latin America & Caribbean,41
Colombia,Multilateral,Upper middle income,Mitigation - General,Latin America & Caribbean,10
Colombia,Multilateral,Upper middle income,Mitigation - General,Latin America & Caribbean,10.56
Colombia,Multilateral,Upper middle income,Mitigation - General,Latin America & Caribbean,4.51
Colombia,Multilateral,Upper middle income,Mitigation - General,Latin America & Caribbean,10.45
Colombia,Multilateral,Upper middle income,Mitigation - General,Latin America & Caribbean,10.8
Colombia,Multilateral,Upper middle income,Mitigation - General,Latin America & Caribbean,12.85
Colombia,Multilateral,Upper middle income,Mitigation - General,Latin America & Caribbean,40
Colombia,Multilateral,Upper middle income,Mitigation - General,Latin America & Caribbean,14.49
Colombia,Multilateral,Upper middle income,Mitigation - General,Latin America & Caribbean,2.73
Colombia,Multilateral,Upper middle income,Mitigation - General,Latin America & Caribbean,0.98
Colombia,Multilateral,Upper middle income,Mitigation - General,Latin America & Caribbean,2.5
Colombia,Multilateral,Upper middle income,Mitigation - General,Latin America & Caribbean,2.7
Colombia,Multilateral,Upper middle income,Mitigation - General,Latin America & Caribbean,1.73
Colombia,Multilateral,Upper middle income,Mitigation - General,Latin America & Caribbean,1.69
Colombia,Multilateral,Upper middle income,Mitigation - General,Latin America & Caribbean,2
Colombia,Multilateral,Upper middle income,Mitigation - General,Latin America & Caribbean,2
Colombia,Multilateral,Upper middle income,Mitigation - General,Latin America & Caribbean,21
Nepal,Multilateral,Low income,Mitigation - General,South Asia,21.13
Colombia,Multilateral,Upper middle income,Mitigation - General,Latin America & Caribbean,7.94
Colombia,Multilateral,Upper middle income,Mitigation - General,Latin America & Caribbean,0.35
Colombia,Multilateral,Upper middle income,Mitigation - General,Latin America & Caribbean,0.35
Colombia,Multilateral,Upper middle income,Mitigation - General,Latin America & Caribbean,3
Comoros,Multilateral,Low income,Mitigation - General,Sub-Saharan Africa,5.91
"Congo, Dem. Rep.",Multilateral,Low income,Mitigation - General,Sub-Saharan Africa,3.19
"Congo, Dem. Rep.",Multilateral,Low income,Mitigation - General,Sub-Saharan Africa,3.96
"Congo, Dem. Rep.",Multilateral,Low income,Mitigation - General,Sub-Saharan Africa,21
"Congo, Rep.",Multilateral,Lower middle income,Mitigation - General,Sub-Saharan Africa,1.94
"Congo, Rep.",Multilateral,Lower middle income,Mitigation - General,Sub-Saharan Africa,28.99
Cook Islands,Multilateral,,Mitigation - General,East Asia & Pacific,4.26
Costa Rica,Multilateral,Upper middle income,Mitigation - General,Latin America & Caribbean,1.78
Costa Rica,Multilateral,Upper middle income,Mitigation - General,Latin America & Caribbean,2
Costa Rica,Multilateral,Upper middle income,Mitigation - General,Latin America & Caribbean,1
Costa Rica,Multilateral,Upper middle income,Mitigation - General,Latin America & Caribbean,271.3
Comoros,Multilateral,Low income,Mitigation - General,Sub-Saharan Africa,1.27
Costa Rica,Multilateral,Upper middle income,Mitigation - General,Latin America & Caribbean,0.88
Costa Rica,Multilateral,Upper middle income,Mitigation - General,Latin America & Caribbean,0.35
Costa Rica,Multilateral,Upper middle income,Mitigation - General,Latin America & Caribbean,3
Cote d'Ivoire,Multilateral,Lower middle income,Mitigation - General,Sub-Saharan Africa,0.88
Cote d'Ivoire,Multilateral,Lower middle income,Mitigation - General,Sub-Saharan Africa,0.86
Cote d'Ivoire,Multilateral,Lower middle income,Mitigation - General,Sub-Saharan Africa,0.86
Cote d'Ivoire,Multilateral,Lower middle income,Mitigation - General,Sub-Saharan Africa,5.25
Cote d'Ivoire,Multilateral,Lower middle income,Mitigation - General,Sub-Saharan Africa,0.5
Cuba,Multilateral,Upper middle income,Mitigation - General,Latin America & Caribbean,2.74
Cuba,Multilateral,Upper middle income,Mitigation - General,Latin America & Caribbean,0.81
Cuba,Multilateral,Upper middle income,Mitigation - General,Latin America & Caribbean,1.96
Cote d'Ivoire,Multilateral,Lower middle income,Mitigation - General,Sub-Saharan Africa,1.61
Cote d'Ivoire,Multilateral,Lower middle income,Mitigation - General,Sub-Saharan Africa,0.41
Cuba,Multilateral,Upper middle income,Mitigation - General,Latin America & Caribbean,3.6
Djibouti,Multilateral,Lower middle income,Mitigation - General,Middle East & North Africa,6.04
Djibouti,Multilateral,Lower middle income,Mitigation - General,Middle East & North Africa,0.86
Dominica,Multilateral,Upper middle income,Mitigation - General,Latin America & Caribbean,10
Dominica,Multilateral,Upper middle income,Mitigation - General,Latin America & Caribbean,1.73
Dominican Republic,Multilateral,Upper middle income,Mitigation - General,Latin America & Caribbean,1.3
Ecuador,Multilateral,Upper middle income,Mitigation - General,Latin America & Caribbean,24.1
Ecuador,Multilateral,Upper middle income,Mitigation - General,Latin America & Caribbean,0.92
Ecuador,Multilateral,Upper middle income,Mitigation - General,Latin America & Caribbean,1.78
Ecuador,Multilateral,Upper middle income,Mitigation - General,Latin America & Caribbean,0.91
Ecuador,Multilateral,Upper middle income,Mitigation - General,Latin America & Caribbean,41.17
Djibouti,Multilateral,Lower middle income,Mitigation - General,Middle East & North Africa,3.07
Ecuador,Multilateral,Upper middle income,Mitigation - General,Latin America & Caribbean,1.28
Egypt,Multilateral,Lower middle income,Mitigation - General,Middle East & North Africa,30
Egypt,Multilateral,Lower middle income,Mitigation - General,Middle East & North Africa,30.3
Egypt,Multilateral,Lower middle income,Mitigation - General,Middle East & North Africa,150
Egypt,Multilateral,Lower middle income,Mitigation - General,Middle East & North Africa,3
Egypt,Multilateral,Lower middle income,Mitigation - General,Middle East & North Africa,4.45
Egypt,Multilateral,Lower middle income,Mitigation - General,Middle East & North Africa,3.95
Egypt,Multilateral,Lower middle income,Mitigation - General,Middle East & North Africa,6.9
Egypt,Multilateral,Lower middle income,Mitigation - General,Middle East & North Africa,6.5
Egypt,Multilateral,Lower middle income,Mitigation - General,Middle East & North Africa,3.54
Egypt,Multilateral,Lower middle income,Mitigation - General,Middle East & North Africa,1.05
Egypt,Multilateral,Lower middle income,Mitigation - General,Middle East & North Africa,2.75
Egypt,Multilateral,Lower middle income,Mitigation - General,Middle East & North Africa,154.7
Egypt,Multilateral,Lower middle income,Mitigation - General,Middle East & North Africa,1.94
El Salvador,Multilateral,Lower middle income,Mitigation - General,Latin America & Caribbean,0.98
El Salvador,Multilateral,Lower middle income,Mitigation - General,Latin America & Caribbean,21.7
Equatorial Guinea,Multilateral,Upper middle income,Mitigation - General,Sub-Saharan Africa,3.5
Equatorial Guinea,Multilateral,Upper middle income,Mitigation - General,Sub-Saharan Africa,0.86
Ethiopia,Multilateral,Low income,Mitigation - General,Sub-Saharan Africa,20
Ethiopia,Multilateral,Low income,Mitigation - General,Sub-Saharan Africa,10
Ethiopia,Multilateral,Low income,Mitigation - General,Sub-Saharan Africa,4.09
Ethiopia,Multilateral,Low income,Mitigation - General,Sub-Saharan Africa,6.67
Central African Republic,Multilateral,Low income,Mitigation - General,Sub-Saharan Africa,0.4
Ethiopia,Multilateral,Low income,Mitigation - General,Sub-Saharan Africa,24.5
Ethiopia,Multilateral,Low income,Mitigation - General,Sub-Saharan Africa,2
Ethiopia,Multilateral,Low income,Mitigation - General,Sub-Saharan Africa,1.6
Ethiopia,Multilateral,Low income,Mitigation - General,Sub-Saharan Africa,1.63
Ethiopia,Multilateral,Low income,Mitigation - General,Sub-Saharan Africa,1.4
Fiji,Multilateral,Upper middle income,Mitigation - General,East Asia & Pacific,0.98
Eswatini,Multilateral,Lower middle income,Mitigation - General,Sub-Saharan Africa,0.86
Ethiopia,Multilateral,Low income,Mitigation - General,Sub-Saharan Africa,2.89
Gambia,Multilateral,Low income,Mitigation - General,Sub-Saharan Africa,1.76
Gambia,Multilateral,Low income,Mitigation - General,Sub-Saharan Africa,0.5
Gambia,Multilateral,Low income,Mitigation - General,Sub-Saharan Africa,1.32
Gambia,Multilateral,Low income,Mitigation - General,Sub-Saharan Africa,1.78
Georgia,Multilateral,Lower middle income,Mitigation - General,Europe & Central Asia,13
Georgia,Multilateral,Lower middle income,Mitigation - General,Europe & Central Asia,0.93
Georgia,Multilateral,Lower middle income,Mitigation - General,Europe & Central Asia,0.85
Ghana,Multilateral,Lower middle income,Mitigation - General,Sub-Saharan Africa,5.5
Ghana,Multilateral,Lower middle income,Mitigation - General,Sub-Saharan Africa,1.72
Ghana,Multilateral,Lower middle income,Mitigation - General,Sub-Saharan Africa,7
Senegal,Multilateral,Low income,Mitigation - General,Sub-Saharan Africa,73.11
Ghana,Multilateral,Lower middle income,Mitigation - General,Sub-Saharan Africa,10
Ghana,Multilateral,Lower middle income,Mitigation - General,Sub-Saharan Africa,16.6
Ghana,Multilateral,Lower middle income,Mitigation - General,Sub-Saharan Africa,0.61
Global,Multilateral,Not applicable,Mitigation - General,Not applicable,35
Global,Multilateral,Not applicable,Mitigation - General,Not applicable,0.56
Global,Multilateral,Not applicable,Mitigation - General,Not applicable,1.05
Global,Multilateral,Not applicable,Mitigation - General,Not applicable,10.45
Global,Multilateral,Not applicable,Mitigation - General,Not applicable,34.99
Global,Multilateral,Not applicable,Mitigation - General,Not applicable,13.56
Global,Multilateral,Not applicable,Mitigation - General,Not applicable,21
Global,Multilateral,Not applicable,Mitigation - General,Not applicable,13.4
Global,Multilateral,Not applicable,Mitigation - General,Not applicable,12.5
Global,Multilateral,Not applicable,Mitigation - General,Not applicable,1.34
Global,Multilateral,Not applicable,Mitigation - General,Not applicable,0.67
Global,Multilateral,Not applicable,Mitigation - General,Not applicable,6.8
Global,Multilateral,Not applicable,Mitigation - General,Not applicable,1
Global,Multilateral,Not applicable,Mitigation - General,Not applicable,0.98
Global,Multilateral,Not applicable,Mitigation - General,Not applicable,12
Global,Multilateral,Not applicable,Mitigation - General,Not applicable,1
Global,Multilateral,Not applicable,Mitigation - General,Not applicable,0.97
Global,Multilateral,Not applicable,Mitigation - General,Not applicable,5
Global,Multilateral,Not applicable,Mitigation - General,Not applicable,0.99
Global,Multilateral,Not applicable,Mitigation - General,Not applicable,2.63
Global,Multilateral,Not applicable,Mitigation - General,Not applicable,4.2
Global,Multilateral,Not applicable,Mitigation - General,Not applicable,5
Global,Multilateral,Not applicable,Mitigation - General,Not applicable,1.37
Global,Multilateral,Not applicable,Mitigation - General,Not applicable,1.8
Global,Multilateral,Not applicable,Mitigation - General,Not applicable,1.9
Global,Multilateral,Not applicable,Mitigation - General,Not applicable,1.95
Global,Multilateral,Not applicable,Mitigation - General,Not applicable,2
Global,Multilateral,Not applicable,Mitigation - General,Not applicable,2
Global,Multilateral,Not applicable,Mitigation - General,Not applicable,3.1
Global,Multilateral,Not applicable,Mitigation - General,Not applicable,1.95
Global,Multilateral,Not applicable,Mitigation - General,Not applicable,1.2
Georgia,Multilateral,Lower middle income,Mitigation - General,Europe & Central Asia,1.5
Global,Multilateral,Not applicable,Mitigation - General,Not applicable,1.7
Global,Multilateral,Not applicable,Mitigation - General,Not applicable,17.97
Multi-country,Multilateral,,Mitigation - General,,18.5
Multi-country,Multilateral,,Mitigation - General,,150
Slovak Republic,Multilateral,High income,Mitigation - General,Europe & Central Asia,0.93
Uruguay,Multilateral,High income,Mitigation - General,Latin America & Caribbean,0.95
Uruguay,Multilateral,High income,Mitigation - General,Latin America & Caribbean,0.95
Panama,Multilateral,High income,Mitigation - General,Latin America & Caribbean,1.5
Uruguay,Multilateral,High income,Mitigation - General,Latin America & Caribbean,3.39
Panama,Multilateral,High income,Mitigation - General,Latin America & Caribbean,1.93
Panama,Multilateral,High income,Mitigation - General,Latin America & Caribbean,0.5
Tajikistan,Multilateral,Low income,Mitigation - General,Europe & Central Asia,0.97
Tajikistan,Multilateral,Low income,Mitigation - General,Europe & Central Asia,2
Tajikistan,Multilateral,Low income,Mitigation - General,Europe & Central Asia,2.52
Tajikistan,Multilateral,Low income,Mitigation - General,Europe & Central Asia,0.67
"Regional - Sub-Saharan Africa (Benin, Kenya, Namibia, Nigeria, Tanzania)",Multilateral,Low income,Mitigation - General,Sub-Saharan Africa,80
Indonesia,Multilateral,Lower middle income,Mitigation - General,East Asia & Pacific,2
Indonesia,Multilateral,Lower middle income,Mitigation - General,East Asia & Pacific,5.81
Vietnam,Multilateral,Lower middle income,Mitigation - General,East Asia & Pacific,9.8
Mongolia,Multilateral,Lower middle income,Mitigation - General,East Asia & Pacific,3.5
Philippines,Multilateral,Lower middle income,Mitigation - General,East Asia & Pacific,5.3
Indonesia,Multilateral,Lower middle income,Mitigation - General,East Asia & Pacific,4
Indonesia,Multilateral,Lower middle income,Mitigation - General,East Asia & Pacific,2.59
Indonesia,Multilateral,Lower middle income,Mitigation - General,East Asia & Pacific,2.18
Mongolia,Multilateral,Lower middle income,Mitigation - General,East Asia & Pacific,0.975
Philippines,Multilateral,Lower middle income,Mitigation - General,East Asia & Pacific,3.17
Philippines,Multilateral,Lower middle income,Mitigation - General,East Asia & Pacific,2.6
Vietnam,Multilateral,Lower middle income,Mitigation - General,East Asia & Pacific,0.86
Vietnam,Multilateral,Lower middle income,Mitigation - General,East Asia & Pacific,2.37
Vietnam,Multilateral,Lower middle income,Mitigation - General,East Asia & Pacific,3.03
Philippines,Multilateral,Lower middle income,Mitigation - General,East Asia & Pacific,25.6
Indonesia,Multilateral,Lower middle income,Mitigation - General,East Asia & Pacific,125
Vietnam,Multilateral,Lower middle income,Mitigation - General,East Asia & Pacific,3.02
Indonesia,Multilateral,Lower middle income,Mitigation - General,East Asia & Pacific,3.66
Indonesia,Multilateral,Lower middle income,Mitigation - General,East Asia & Pacific,2.16
Philippines,Multilateral,Lower middle income,Mitigation - General,East Asia & Pacific,0.81
Indonesia,Multilateral,Lower middle income,Mitigation - General,East Asia & Pacific,0.35
Vietnam,Multilateral,Lower middle income,Mitigation - General,East Asia & Pacific,0.03
Philippines,Multilateral,Lower middle income,Mitigation - General,East Asia & Pacific,8.62
Philippines,Multilateral,Lower middle income,Mitigation - General,East Asia & Pacific,26.05
Vietnam,Multilateral,Lower middle income,Mitigation - General,East Asia & Pacific,30
Vietnam,Multilateral,Lower middle income,Mitigation - General,East Asia & Pacific,2.8
Vietnam,Multilateral,Lower middle income,Mitigation - General,East Asia & Pacific,49.97
Philippines,Multilateral,Lower middle income,Mitigation - General,East Asia & Pacific,45.03
Indonesia,Multilateral,Lower middle income,Mitigation - General,East Asia & Pacific,150
Indonesia,Multilateral,Lower middle income,Mitigation - General,East Asia & Pacific,8.03
Vietnam,Multilateral,Lower middle income,Mitigation - General,East Asia & Pacific,3.2
Philippines,Multilateral,Lower middle income,Mitigation - General,East Asia & Pacific,5.2
Indonesia,Multilateral,Lower middle income,Mitigation - General,East Asia & Pacific,5.02
Vietnam,Multilateral,Lower middle income,Mitigation - General,East Asia & Pacific,1.52
Vietnam,Multilateral,Lower middle income,Mitigation - General,East Asia & Pacific,0.29
Vietnam,Multilateral,Lower middle income,Mitigation - General,East Asia & Pacific,1.77
Indonesia,Multilateral,Lower middle income,Mitigation - General,East Asia & Pacific,3
Vietnam,Multilateral,Lower middle income,Mitigation - General,East Asia & Pacific,49.96
Vietnam,Multilateral,Lower middle income,Mitigation - General,East Asia & Pacific,50
Philippines,Multilateral,Lower middle income,Mitigation - General,East Asia & Pacific,2.64
Mongolia,Multilateral,Lower middle income,Mitigation - General,East Asia & Pacific,1.27
Vietnam,Multilateral,Lower middle income,Mitigation - General,East Asia & Pacific,3
Vietnam,Multilateral,Lower middle income,Mitigation - General,East Asia & Pacific,1
Indonesia,Multilateral,Lower middle income,Mitigation - General,East Asia & Pacific,6.25
Philippines,Multilateral,Lower middle income,Mitigation - General,East Asia & Pacific,23.9
Indonesia,Multilateral,Lower middle income,Mitigation - General,East Asia & Pacific,49.6
Indonesia,Multilateral,Lower middle income,Mitigation - General,East Asia & Pacific,0.15
Mongolia,Multilateral,Lower middle income,Mitigation - General,East Asia & Pacific,20
Mongolia,Multilateral,Lower middle income,Mitigation - General,East Asia & Pacific,1.2
Indonesia,Multilateral,Lower middle income,Mitigation - General,East Asia & Pacific,38.15
"Multi-country (Indonesia, Philippines)",Multilateral,Lower middle income,Mitigation - General,East Asia & Pacific,30
Mongolia,Multilateral,Lower middle income,Mitigation - General,East Asia & Pacific,8.65
Philippines,Multilateral,Lower middle income,Mitigation - General,East Asia & Pacific,0.5
Mongolia,Multilateral,Lower middle income,Mitigation - General,East Asia & Pacific,12.4
Mongolia,Multilateral,Lower middle income,Mitigation - General,East Asia & Pacific,10
Indonesia,Multilateral,Lower middle income,Mitigation - General,East Asia & Pacific,100
Mongolia,Multilateral,Lower middle income,Mitigation - General,East Asia & Pacific,14.6
Indonesia,Multilateral,Lower middle income,Mitigation - General,East Asia & Pacific,35
Indonesia,Multilateral,Lower middle income,Mitigation - General,East Asia & Pacific,75
Indonesia,Multilateral,Lower middle income,Mitigation - General,East Asia & Pacific,17
Vietnam,Multilateral,Lower middle income,Mitigation - General,East Asia & Pacific,26
Vietnam,Multilateral,Lower middle income,Mitigation - General,East Asia & Pacific,1.74
Indonesia,Multilateral,Lower middle income,Mitigation - General,East Asia & Pacific,1.82
Philippines,Multilateral,Lower middle income,Mitigation - General,East Asia & Pacific,3.79
Indonesia,Multilateral,Lower middle income,Mitigation - General,East Asia & Pacific,1.78
Mongolia,Multilateral,Lower middle income,Mitigation - General,East Asia & Pacific,1.78
"Multi-country (Cambodia, Lao PDR)",Multilateral,Lower middle income,Mitigation - General,East Asia & Pacific,0.61
Mongolia,Multilateral,Lower middle income,Mitigation - General,East Asia & Pacific,26.654
Vietnam,Multilateral,Lower middle income,Mitigation - General,East Asia & Pacific,86.3
Indonesia,Multilateral,Lower middle income,Mitigation - General,East Asia & Pacific,105
Kyrgyz Republic,Multilateral,Lower middle income,Mitigation - General,Europe & Central Asia,0.9
Uzbekistan,Multilateral,Lower middle income,Mitigation - General,Europe & Central Asia,3.25
Ukraine,Multilateral,Lower middle income,Mitigation - General,Europe & Central Asia,8.45
Ukraine,Multilateral,Lower middle income,Mitigation - General,Europe & Central Asia,6.5
Moldova,Multilateral,Lower middle income,Mitigation - General,Europe & Central Asia,0.96
Ukraine,Multilateral,Lower middle income,Mitigation - General,Europe & Central Asia,5.14
Kyrgyz Republic,Multilateral,Lower middle income,Mitigation - General,Europe & Central Asia,0.95
Ukraine,Multilateral,Lower middle income,Mitigation - General,Europe & Central Asia,53.83
Moldova,Multilateral,Lower middle income,Mitigation - General,Europe & Central Asia,0.98
Ukraine,Multilateral,Lower middle income,Mitigation - General,Europe & Central Asia,18.2
Ukraine,Multilateral,Lower middle income,Mitigation - General,Europe & Central Asia,0.22
Ukraine,Multilateral,Lower middle income,Mitigation - General,Europe & Central Asia,4.7
Ukraine,Multilateral,Lower middle income,Mitigation - General,Europe & Central Asia,5.55
Kyrgyz Republic,Multilateral,Lower middle income,Mitigation - General,Europe & Central Asia,5.45
Ukraine,Multilateral,Lower middle income,Mitigation - General,Europe & Central Asia,0.18
Moldova,Multilateral,Lower middle income,Mitigation - General,Europe & Central Asia,1.3
Ukraine,Multilateral,Lower middle income,Mitigation - General,Europe & Central Asia,5.48
Ukraine,Multilateral,Lower middle income,Mitigation - General,Europe & Central Asia,41.72
Ukraine,Multilateral,Lower middle income,Mitigation - General,Europe & Central Asia,51
Ukraine,Multilateral,Lower middle income,Mitigation - General,Europe & Central Asia,50
Ukraine,Multilateral,Lower middle income,Mitigation - General,Europe & Central Asia,48.8
Ukraine,Multilateral,Lower middle income,Mitigation - General,Europe & Central Asia,7
Ukraine,Multilateral,Lower middle income,Mitigation - General,Europe & Central Asia,3.12
Uzbekistan,Multilateral,Lower middle income,Mitigation - General,Europe & Central Asia,6
Moldova,Multilateral,Lower middle income,Mitigation - General,Europe & Central Asia,2.64
Ukraine,Multilateral,Lower middle income,Mitigation - General,Europe & Central Asia,1
Ukraine,Multilateral,Lower middle income,Mitigation - General,Europe & Central Asia,15.04
Ukraine,Multilateral,Lower middle income,Mitigation - General,Europe & Central Asia,1.78
Ukraine,Multilateral,Lower middle income,Mitigation - General,Europe & Central Asia,24.64
Ukraine,Multilateral,Lower middle income,Mitigation - General,Europe & Central Asia,4.8
Ukraine,Multilateral,Lower middle income,Mitigation - General,Europe & Central Asia,0.75
Ukraine,Multilateral,Lower middle income,Mitigation - General,Europe & Central Asia,1.6
Uzbekistan,Multilateral,Lower middle income,Mitigation - General,Europe & Central Asia,3.57
Moldova,Multilateral,Lower middle income,Mitigation - General,Europe & Central Asia,0.86
Ukraine,Multilateral,Lower middle income,Mitigation - General,Europe & Central Asia,1.31
Ukraine,Multilateral,Lower middle income,Mitigation - General,Europe & Central Asia,35
Nicaragua,Multilateral,Lower middle income,Mitigation - General,Latin America & Caribbean,4.5
Honduras,Multilateral,Lower middle income,Mitigation - General,Latin America & Caribbean,0.02
Honduras,Multilateral,Lower middle income,Mitigation - General,Latin America & Caribbean,1.02
Honduras,Multilateral,Lower middle income,Mitigation - General,Latin America & Caribbean,20
Honduras,Multilateral,Lower middle income,Mitigation - General,Latin America & Caribbean,1.23
Honduras,Multilateral,Lower middle income,Mitigation - General,Latin America & Caribbean,1.46
Honduras,Multilateral,Lower middle income,Mitigation - General,Latin America & Caribbean,5
Honduras,Multilateral,Lower middle income,Mitigation - General,Latin America & Caribbean,15
Nicaragua,Multilateral,Lower middle income,Mitigation - General,Latin America & Caribbean,7.5
Nicaragua,Multilateral,Lower middle income,Mitigation - General,Latin America & Caribbean,10
Nicaragua,Multilateral,Lower middle income,Mitigation - General,Latin America & Caribbean,7.5
Honduras,Multilateral,Lower middle income,Mitigation - General,Latin America & Caribbean,6.55
Honduras,Multilateral,Lower middle income,Mitigation - General,Latin America & Caribbean,7
Honduras,Multilateral,Lower middle income,Mitigation - General,Latin America & Caribbean,0.83
Honduras,Multilateral,Lower middle income,Mitigation - General,Latin America & Caribbean,5.95
Honduras,Multilateral,Lower middle income,Mitigation - General,Latin America & Caribbean,16.4
Nicaragua,Multilateral,Lower middle income,Mitigation - General,Latin America & Caribbean,64.094
Honduras,Multilateral,Lower middle income,Mitigation - General,Latin America & Caribbean,1.4
Honduras,Multilateral,Lower middle income,Mitigation - General,Latin America & Caribbean,0.53
Honduras,Multilateral,Lower middle income,Mitigation - General,Latin America & Caribbean,0.6
Morocco,Multilateral,Lower middle income,Mitigation - General,Middle East & North Africa,3
Morocco,Multilateral,Lower middle income,Mitigation - General,Middle East & North Africa,0.89
Morocco,Multilateral,Lower middle income,Mitigation - General,Middle East & North Africa,2.73
Morocco,Multilateral,Lower middle income,Mitigation - General,Middle East & North Africa,125
Morocco,Multilateral,Lower middle income,Mitigation - General,Middle East & North Africa,0.33
Tunisia,Multilateral,Lower middle income,Mitigation - General,Middle East & North Africa,3.55
Morocco,Multilateral,Lower middle income,Mitigation - General,Middle East & North Africa,24.75
Morocco,Multilateral,Lower middle income,Mitigation - General,Middle East & North Africa,2.64
Tunisia,Multilateral,Lower middle income,Mitigation - General,Middle East & North Africa,0.43
Morocco,Multilateral,Lower middle income,Mitigation - General,Middle East & North Africa,3
Tunisia,Multilateral,Lower middle income,Mitigation - General,Middle East & North Africa,3.1
Tunisia,Multilateral,Lower middle income,Mitigation - General,Middle East & North Africa,2.4
Morocco,Multilateral,Lower middle income,Mitigation - General,Middle East & North Africa,0.91
Morocco,Multilateral,Lower middle income,Mitigation - General,Middle East & North Africa,1.83
Morocco,Multilateral,Lower middle income,Mitigation - General,Middle East & North Africa,1.32
Tunisia,Multilateral,Lower middle income,Mitigation - General,Middle East & North Africa,1.78
Morocco,Multilateral,Lower middle income,Mitigation - General,Middle East & North Africa,0.91
"Multi-country (India, Indonesia, Philippines)",Multilateral,Lower middle income,Mitigation - General,Not applicable,5.83
"Multi-country (Ukraine, Tunisia)",Multilateral,Lower middle income,Mitigation - General,Not applicable,44.86
"Multi-country (india, Myanmar, Bangladesh)",Multilateral,Lower middle income,Mitigation - General,Not applicable,0.65
India,Multilateral,Lower middle income,Mitigation - General,South Asia,13.5
India,Multilateral,Lower middle income,Mitigation - General,South Asia,22.5
Sri Lanka,Multilateral,Lower middle income,Mitigation - General,South Asia,3.6
Pakistan,Multilateral,Lower middle income,Mitigation - General,South Asia,0.98
India,Multilateral,Lower middle income,Mitigation - General,South Asia,0.7
India,Multilateral,Lower middle income,Mitigation - General,South Asia,0.95
India,Multilateral,Lower middle income,Mitigation - General,South Asia,11.3
Pakistan,Multilateral,Lower middle income,Mitigation - General,South Asia,0.95
Pakistan,Multilateral,Lower middle income,Mitigation - General,South Asia,4.85
India,Multilateral,Lower middle income,Mitigation - General,South Asia,5.2
India,Multilateral,Lower middle income,Mitigation - General,South Asia,5.2
India,Multilateral,Lower middle income,Mitigation - General,South Asia,7.17
Sri Lanka,Multilateral,Lower middle income,Mitigation - General,South Asia,2.36
India,Multilateral,Lower middle income,Mitigation - General,South Asia,0.13
India,Multilateral,Lower middle income,Mitigation - General,South Asia,1.34
Pakistan,Multilateral,Lower middle income,Mitigation - General,South Asia,1.82
Sri Lanka,Multilateral,Lower middle income,Mitigation - General,South Asia,2
India,Multilateral,Lower middle income,Mitigation - General,South Asia,4.4
India,Multilateral,Lower middle income,Mitigation - General,South Asia,0.8
India,Multilateral,Lower middle income,Mitigation - General,South Asia,0.329
India,Multilateral,Lower middle income,Mitigation - General,South Asia,9.2
India,Multilateral,Lower middle income,Mitigation - General,South Asia,4.37
Pakistan,Multilateral,Lower middle income,Mitigation - General,South Asia,3.55
India,Multilateral,Lower middle income,Mitigation - General,South Asia,4.47
India,Multilateral,Lower middle income,Mitigation - General,South Asia,18
India,Multilateral,Lower middle income,Mitigation - General,South Asia,8.71
India,Multilateral,Lower middle income,Mitigation - General,South Asia,194.96
India,Multilateral,Lower middle income,Mitigation - General,South Asia,100
India,Multilateral,Lower middle income,Mitigation - General,South Asia,3.33
India,Multilateral,Lower middle income,Mitigation - General,South Asia,4.01
India,Multilateral,Lower middle income,Mitigation - General,South Asia,12.84
Pakistan,Multilateral,Lower middle income,Mitigation - General,South Asia,1.37
India,Multilateral,Lower middle income,Mitigation - General,South Asia,25
India,Multilateral,Lower middle income,Mitigation - General,South Asia,3.74
India,Multilateral,Lower middle income,Mitigation - General,South Asia,125
India,Multilateral,Lower middle income,Mitigation - General,South Asia,50
India,Multilateral,Lower middle income,Mitigation - General,South Asia,50
India,Multilateral,Lower middle income,Mitigation - General,South Asia,175
India,Multilateral,Lower middle income,Mitigation - General,South Asia,22.94
Sri Lanka,Multilateral,Lower middle income,Mitigation - General,South Asia,0.35
Sri Lanka,Multilateral,Lower middle income,Mitigation - General,South Asia,3
India,Multilateral,Lower middle income,Mitigation - General,South Asia,50
India,Multilateral,Lower middle income,Mitigation - General,South Asia,1
India,Multilateral,Lower middle income,Mitigation - General,South Asia,0.03
India,Multilateral,Lower middle income,Mitigation - General,South Asia,8
Pakistan,Multilateral,Lower middle income,Mitigation - General,South Asia,2
Pakistan,Multilateral,Lower middle income,Mitigation - General,South Asia,49
India,Multilateral,Lower middle income,Mitigation - General,South Asia,100
India,Multilateral,Lower middle income,Mitigation - General,South Asia,48
India,Multilateral,Lower middle income,Mitigation - General,South Asia,28
India,Multilateral,Lower middle income,Mitigation - General,South Asia,2.66
Sri Lanka,Multilateral,Lower middle income,Mitigation - General,South Asia,1.1
India,Multilateral,Lower middle income,Mitigation - General,South Asia,1.82
India,Multilateral,Lower middle income,Mitigation - General,South Asia,0.55
Pakistan,Multilateral,Lower middle income,Mitigation - General,South Asia,0.57
India,Multilateral,Lower middle income,Mitigation - General,South Asia,137
India,Multilateral,Lower middle income,Mitigation - General,South Asia,200
Pakistan,Multilateral,Lower middle income,Mitigation - General,South Asia,10
Kenya,Multilateral,Lower middle income,Mitigation - General,Sub-Saharan Africa,0.97
"Multi-country (Ghana, Kenya)",Multilateral,Lower middle income,Mitigation - General,Sub-Saharan Africa,5.4
Kenya,Multilateral,Lower middle income,Mitigation - General,Sub-Saharan Africa,2
Nigeria,Multilateral,Lower middle income,Mitigation - General,Sub-Saharan Africa,4.5
Nigeria,Multilateral,Lower middle income,Mitigation - General,Sub-Saharan Africa,2.62
Nigeria,Multilateral,Lower middle income,Mitigation - General,Sub-Saharan Africa,2.68
Kenya,Multilateral,Lower middle income,Mitigation - General,Sub-Saharan Africa,19.89
Kenya,Multilateral,Lower middle income,Mitigation - General,Sub-Saharan Africa,20
Kenya,Multilateral,Lower middle income,Mitigation - General,Sub-Saharan Africa,2
Nigeria,Multilateral,Lower middle income,Mitigation - General,Sub-Saharan Africa,4.4
Nigeria,Multilateral,Lower middle income,Mitigation - General,Sub-Saharan Africa,2.69
Nigeria,Multilateral,Lower middle income,Mitigation - General,Sub-Saharan Africa,1.25
Kenya,Multilateral,Lower middle income,Mitigation - General,Sub-Saharan Africa,7.5
Kenya,Multilateral,Lower middle income,Mitigation - General,Sub-Saharan Africa,30
Nigeria,Multilateral,Lower middle income,Mitigation - General,Sub-Saharan Africa,2.64
Nigeria,Multilateral,Lower middle income,Mitigation - General,Sub-Saharan Africa,3.9
Kenya,Multilateral,Lower middle income,Mitigation - General,Sub-Saharan Africa,11.6
Nigeria,Multilateral,Lower middle income,Mitigation - General,Sub-Saharan Africa,20
Nigeria,Multilateral,Lower middle income,Mitigation - General,Sub-Saharan Africa,5.91
Nigeria,Multilateral,Lower middle income,Mitigation - General,Sub-Saharan Africa,1.83
Nigeria,Multilateral,Lower middle income,Mitigation - General,Sub-Saharan Africa,0.2
Regional - East Asia and Pacific,Multilateral,Not applicable,Mitigation - General,East Asia & Pacific,16.75
Regional - East Asia and Pacific,Multilateral,Not applicable,Mitigation - General,East Asia & Pacific,5.25
Regional - East Asia and Pacific,Multilateral,Not applicable,Mitigation - General,East Asia & Pacific,1.3
Regional - East Asia and Pacific,Multilateral,Not applicable,Mitigation - General,East Asia & Pacific,15.9
Regional - South East Asia,Multilateral,Not applicable,Mitigation - General,East Asia & Pacific,12.5
Regional - East Asia and Pacific,Multilateral,Not applicable,Mitigation - General,East Asia & Pacific,1.92
"Regional - East Asia and Pacific (Cambodia, Lao PDR, Philippines, Indonesia, Malaysia)",Multilateral,Not applicable,Mitigation - General,East Asia & Pacific,300
Regional - Europe and Central Asia,Multilateral,Not applicable,Mitigation - General,Europe & Central Asia,41.28
Regional - Europe and Central Asia,Multilateral,Not applicable,Mitigation - General,Europe & Central Asia,83
Regional - Latin America and the Caribbean,Multilateral,Not applicable,Mitigation - General,Latin America & Caribbean,14.02
Regional - Latin America and the Caribbean,Multilateral,Not applicable,Mitigation - General,Latin America & Caribbean,20.8
Regional - Latin America and the Caribbean,Multilateral,Not applicable,Mitigation - General,Latin America & Caribbean,0.96
Regional - Latin America and the Caribbean,Multilateral,Not applicable,Mitigation - General,Latin America & Caribbean,16.75
Regional - Latin America and the Caribbean,Multilateral,Not applicable,Mitigation - General,Latin America & Caribbean,15
Regional - Latin America and the Caribbean,Multilateral,Not applicable,Mitigation - General,Latin America & Caribbean,14.82
Regional - Latin America and the Caribbean,Multilateral,Not applicable,Mitigation - General,Latin America & Caribbean,1.78
Regional - Latin America and the Caribbean,Multilateral,Not applicable,Mitigation - General,Latin America & Caribbean,18.45
Regional - Latin America and the Caribbean,Multilateral,Not applicable,Mitigation - General,Latin America & Caribbean,100
Regional - Latin America and the Caribbean,Multilateral,Not applicable,Mitigation - General,Latin America & Caribbean,2.36
Regional - Latin America and the Caribbean,Multilateral,Not applicable,Mitigation - General,Latin America & Caribbean,4.5
"Multi-country (Panama, Paraguay, Uruguay)",Multilateral,Not applicable,Mitigation - General,Latin America & Caribbean,76.62
"Multi-country (Bolivia, Colombia, Peru)",Multilateral,Not applicable,Mitigation - General,Latin America & Caribbean,0.53
Regional -Middle East and North Africa,Multilateral,Not applicable,Mitigation - General,Middle East & North Africa,16.6
Regional - Middle East and North Africa,Multilateral,Not applicable,Mitigation - General,Middle East & North Africa,197
"Regional - Middle East and North Africa (Egypt, Jordan, Morocco, Tunisia)",Multilateral,Not applicable,Mitigation - General,Middle East & North Africa,15
Regional - Middle East and North Africa,Multilateral,Not applicable,Mitigation - General,Middle East & North Africa,10
Regional - Middle East and North Africa,Multilateral,Not applicable,Mitigation - General,Middle East & North Africa,238
Regional - Middle East and North Africa,Multilateral,Not applicable,Mitigation - General,Middle East & North Africa,25
Regional - Middle East and North Africa,Multilateral,Not applicable,Mitigation - General,Middle East & North Africa,25
"Multi-country (Egypt, Lebanon, Morocco)",Multilateral,Not applicable,Mitigation - General,Middle East & North Africa,0.6
"Multi-country (Colombia, Kenya, Swaziland)",Multilateral,Not applicable,Mitigation - General,Not applicable,2.58
"Global (Armenia, Azerbaijan, Bangladesh, Brazil, Cote d'Ivoire, China, Costa Rica, Georgia, India, Jamaica, Montenegro, Macedonia, Mauritius, Mexico, Peru, Philippines, Russian Federation, Uruguay, Vietnam)",Multilateral,Not applicable,Mitigation - General,Not applicable,1.71
"Global (Albania, Armenia, Azerbaijan, Bosnia-Herzegovina, Belarus, Egypt, Georgia, Jordan, Morocco, Moldova, Montenegro, Macedonia, Tunisia, Turkey, Ukraine, Serbia)",Multilateral,Not applicable,Mitigation - General,Not applicable,15
"Global (Costa Rica, Kazakhstan, Sudan, Chile, Indonesia, Myanmar, Tunisia, South Africa)",Multilateral,Not applicable,Mitigation - General,Not applicable,17.89
"Global (Afghanistan, Antigua And Barbuda, Central African Republic, Djibouti, Dominica, Eritrea, Fiji, Guinea, Haiti, Jamaica, Liberia, Myanmar, Malawi, Niger, Nauru, Suriname, Sao Tome and Principe, Chad, Trinidad and Tobago, Uganda)",Multilateral,Not applicable,Mitigation - General,Not applicable,5.4
Regional,Multilateral,Not applicable,Mitigation - General,Not applicable,53
Regional,Multilateral,Not applicable,Mitigation - General,Not applicable,0.42
Regional,Multilateral,Not applicable,Mitigation - General,Not applicable,0.42
Regional,Multilateral,Not applicable,Mitigation - General,Not applicable,0.42
Regional,Multilateral,Not applicable,Mitigation - General,Not applicable,0.53
Regional,Multilateral,Not applicable,Mitigation - General,Not applicable,0.84
Regional,Multilateral,Not applicable,Mitigation - General,Not applicable,1
"Global (part of the project involves :'identify and sign-up 5 countries, design relevant policies and programmes and commence in-country project delivery'",Multilateral,Not applicable,Mitigation - General,Not applicable,2
Regional,Multilateral,Not applicable,Mitigation - General,Not applicable,1
Regional,Multilateral,Not applicable,Mitigation - General,Not applicable,38
Regional,Multilateral,Not applicable,Mitigation - General,Not applicable,35
Regional,Multilateral,Not applicable,Mitigation - General,Not applicable,0.95
"Global (Burundi, Cameroon, Djibouti, Indonesia, Kenya, Madagascar, Malawi, Mongolia, Morocco, Nigeria, Uganda)",Multilateral,Not applicable,Mitigation - General,Not applicable,100
Regional,Multilateral,Not applicable,Mitigation - General,Not applicable,20
Regional,Multilateral,Not applicable,Mitigation - General,Not applicable,50
Regional,Multilateral,Not applicable,Mitigation - General,Not applicable,75
Regional,Multilateral,Not applicable,Mitigation - General,Not applicable,32.5
Regional,Multilateral,Not applicable,Mitigation - General,Not applicable,20
Regional,Multilateral,Not applicable,Mitigation - General,Not applicable,26
Regional,Multilateral,Not applicable,Mitigation - General,Not applicable,31
Global,Multilateral,Not applicable,Mitigation - General,Not applicable,4.1
Global,Multilateral,Not applicable,Mitigation - General,Not applicable,1.78
"Global (Kazakhstan, Jordan, Tunisia, Armenia, Uzbekistan, Morocco, Serbia)",Multilateral,Not applicable,Mitigation - General,Not applicable,258.03
Global,Multilateral,Not applicable,Mitigation - General,Not applicable,27.76
"Global (Botswana, CAR, DRC, Kenya, Congo Rep, Mali, Namibia, Uzbekistan)",Multilateral,Not applicable,Mitigation - General,Not applicable,280
"Global (Ghana, Nigeria, Tunisia, Kenya, Ethiopia, Guinea)",Multilateral,Not applicable,Mitigation - General,Not applicable,170.9
Regional - South Asia,Multilateral,Not applicable,Mitigation - General,South Asia,0.13
"Multi-country (Bangladesh, Nepal)",Multilateral,Not applicable,Mitigation - General,South Asia,0.6
Regional - Sub-Saharan Africa,Multilateral,Not applicable,Mitigation - General,Sub-Saharan Africa,19.6
Regional - Sub-Saharan Africa,Multilateral,Not applicable,Mitigation - General,Sub-Saharan Africa,20.9
Regional - Sub-Saharan Africa,Multilateral,Not applicable,Mitigation - General,Sub-Saharan Africa,5.25
Regional - Sub-Saharan Africa,Multilateral,Not applicable,Mitigation - General,Sub-Saharan Africa,2.85
Regional - Sub-Saharan Africa,Multilateral,Not applicable,Mitigation - General,Sub-Saharan Africa,2.85
Regional - Sub-Saharan Africa,Multilateral,Not applicable,Mitigation - General,Sub-Saharan Africa,2.85
Regional - Sub-Saharan Africa,Multilateral,Not applicable,Mitigation - General,Sub-Saharan Africa,0.7
Regional - Sub-Saharan Africa,Multilateral,Not applicable,Mitigation - General,Sub-Saharan Africa,20
Regional - Sub-Saharan Africa,Multilateral,Not applicable,Mitigation - General,Sub-Saharan Africa,10
Regional - Sub-Saharan Africa,Multilateral,Not applicable,Mitigation - General,Sub-Saharan Africa,10
"Multi-country (Kenya, Senegal)",Multilateral,Not applicable,Mitigation - General,Sub-Saharan Africa,37.17
Regional - Sub-Saharan Africa,Multilateral,Not applicable,Mitigation - General,Sub-Saharan Africa,32.35
Regional - Sub-Saharan Africa,Multilateral,Not applicable,Mitigation - General,Sub-Saharan Africa,13
Regional - Sub-Saharan Africa,Multilateral,Not applicable,Mitigation - General,Sub-Saharan Africa,3.53
Regional - Sub-Saharan Africa,Multilateral,Not applicable,Mitigation - General,Sub-Saharan Africa,0.87
Regional - Sub-Saharan Africa,Multilateral,Not applicable,Mitigation - General,Sub-Saharan Africa,30
"Regional - Sub-Saharan Africa (Burkina Faso, Chad, Mali, Mauritania, Niger)",Multilateral,Not applicable,Mitigation - General,Sub-Saharan Africa,150
Thailand,Multilateral,Upper middle income,Mitigation - General,East Asia & Pacific,2.99
Malaysia,Multilateral,Upper middle income,Mitigation - General,East Asia & Pacific,5
Thailand,Multilateral,Upper middle income,Mitigation - General,East Asia & Pacific,3.62
Malaysia,Multilateral,Upper middle income,Mitigation - General,East Asia & Pacific,4.2
Thailand,Multilateral,Upper middle income,Mitigation - General,East Asia & Pacific,2.6
Thailand,Multilateral,Upper middle income,Mitigation - General,East Asia & Pacific,5.24
Thailand,Multilateral,Upper middle income,Mitigation - General,East Asia & Pacific,0.73
Thailand,Multilateral,Upper middle income,Mitigation - General,East Asia & Pacific,0.98
Thailand,Multilateral,Upper middle income,Mitigation - General,East Asia & Pacific,3.64
Thailand,Multilateral,Upper middle income,Mitigation - General,East Asia & Pacific,0.35
Thailand,Multilateral,Upper middle income,Mitigation - General,East Asia & Pacific,81.1
Malaysia,Multilateral,Upper middle income,Mitigation - General,East Asia & Pacific,0.99
Malaysia,Multilateral,Upper middle income,Mitigation - General,East Asia & Pacific,4
Malaysia,Multilateral,Upper middle income,Mitigation - General,East Asia & Pacific,4.35
Thailand,Multilateral,Upper middle income,Mitigation - General,East Asia & Pacific,3.15
Malaysia,Multilateral,Upper middle income,Mitigation - General,East Asia & Pacific,2
Thailand,Multilateral,Upper middle income,Mitigation - General,East Asia & Pacific,1.88
Thailand,Multilateral,Upper middle income,Mitigation - General,East Asia & Pacific,1.83
Thailand,Multilateral,Upper middle income,Mitigation - General,East Asia & Pacific,3
Thailand,Multilateral,Upper middle income,Mitigation - General,East Asia & Pacific,3.14
Thailand,Multilateral,Upper middle income,Mitigation - General,East Asia & Pacific,2.91
Thailand,Multilateral,Upper middle income,Mitigation - General,East Asia & Pacific,0.5
Malaysia,Multilateral,Upper middle income,Mitigation - General,East Asia & Pacific,1.78
Macedonia,Multilateral,Upper middle income,Mitigation - General,Europe & Central Asia,5.5
Russian Federation,Multilateral,Upper middle income,Mitigation - General,Europe & Central Asia,10
Turkey,Multilateral,Upper middle income,Mitigation - General,Europe & Central Asia,2.71
Russian Federation,Multilateral,Upper middle income,Mitigation - General,Europe & Central Asia,9.21
Russian Federation,Multilateral,Upper middle income,Mitigation - General,Europe & Central Asia,9.67
Turkey,Multilateral,Upper middle income,Mitigation - General,Europe & Central Asia,2.62
Montenegro,Multilateral,Upper middle income,Mitigation - General,Europe & Central Asia,0.98
Turkey,Multilateral,Upper middle income,Mitigation - General,Europe & Central Asia,21.02
Turkey,Multilateral,Upper middle income,Mitigation - General,Europe & Central Asia,100
Serbia,Multilateral,Upper middle income,Mitigation - General,Europe & Central Asia,0.95
Kazakhstan,Multilateral,Upper middle income,Mitigation - General,Europe & Central Asia,4.57
Russian Federation,Multilateral,Upper middle income,Mitigation - General,Europe & Central Asia,7.02
Russian Federation,Multilateral,Upper middle income,Mitigation - General,Europe & Central Asia,15.39
Russian Federation,Multilateral,Upper middle income,Mitigation - General,Europe & Central Asia,5.84
Russian Federation,Multilateral,Upper middle income,Mitigation - General,Europe & Central Asia,7.81
Turkey,Multilateral,Upper middle income,Mitigation - General,Europe & Central Asia,5.9
Russian Federation,Multilateral,Upper middle income,Mitigation - General,Europe & Central Asia,0.9
Turkey,Multilateral,Upper middle income,Mitigation - General,Europe & Central Asia,49.83
Russian Federation,Multilateral,Upper middle income,Mitigation - General,Europe & Central Asia,5.4
Kazakhstan,Multilateral,Upper middle income,Mitigation - General,Europe & Central Asia,5
Kazakhstan,Multilateral,Upper middle income,Mitigation - General,Europe & Central Asia,3.4
Romania,Multilateral,Upper middle income,Mitigation - General,Europe & Central Asia,4.35
Romania,Multilateral,Upper middle income,Mitigation - General,Europe & Central Asia,2.97
Turkmenistan,Multilateral,Upper middle income,Mitigation - General,Europe & Central Asia,2.52
Kazakhstan,Multilateral,Upper middle income,Mitigation - General,Europe & Central Asia,7.09
Kazakhstan,Multilateral,Upper middle income,Mitigation - General,Europe & Central Asia,0.26
Kazakhstan,Multilateral,Upper middle income,Mitigation - General,Europe & Central Asia,18.78
Russian Federation,Multilateral,Upper middle income,Mitigation - General,Europe & Central Asia,22.73
Russian Federation,Multilateral,Upper middle income,Mitigation - General,Europe & Central Asia,6.1
Turkey,Multilateral,Upper middle income,Mitigation - General,Europe & Central Asia,0.35
Turkey,Multilateral,Upper middle income,Mitigation - General,Europe & Central Asia,0.09
Kazakhstan,Multilateral,Upper middle income,Mitigation - General,Europe & Central Asia,48.42
Serbia,Multilateral,Upper middle income,Mitigation - General,Europe & Central Asia,2.85
Macedonia,Multilateral,Upper middle income,Mitigation - General,Europe & Central Asia,1.4
Turkey,Multilateral,Upper middle income,Mitigation - General,Europe & Central Asia,3.64
Turkey,Multilateral,Upper middle income,Mitigation - General,Europe & Central Asia,57.46
Russian Federation,Multilateral,Upper middle income,Mitigation - General,Europe & Central Asia,9.13
Russian Federation,Multilateral,Upper middle income,Mitigation - General,Europe & Central Asia,10
Russian Federation,Multilateral,Upper middle income,Mitigation - General,Europe & Central Asia,10.29
Turkey,Multilateral,Upper middle income,Mitigation - General,Europe & Central Asia,0.99
Montenegro,Multilateral,Upper middle income,Mitigation - General,Europe & Central Asia,3.09
Kazakhstan,Multilateral,Upper middle income,Mitigation - General,Europe & Central Asia,5.93
Turkey,Multilateral,Upper middle income,Mitigation - General,Europe & Central Asia,3
Kazakhstan,Multilateral,Upper middle income,Mitigation - General,Europe & Central Asia,1.2
Turkey,Multilateral,Upper middle income,Mitigation - General,Europe & Central Asia,50
Turkey,Multilateral,Upper middle income,Mitigation - General,Europe & Central Asia,35.51
Kazakhstan,Multilateral,Upper middle income,Mitigation - General,Europe & Central Asia,0.57
Serbia,Multilateral,Upper middle income,Mitigation - General,Europe & Central Asia,2.3
Turkey,Multilateral,Upper middle income,Mitigation - General,Europe & Central Asia,3.78
Turkey,Multilateral,Upper middle income,Mitigation - General,Europe & Central Asia,1.05
Turkey,Multilateral,Upper middle income,Mitigation - General,Europe & Central Asia,5.91
Turkey,Multilateral,Upper middle income,Mitigation - General,Europe & Central Asia,40
Kazakhstan,Multilateral,Upper middle income,Mitigation - General,Europe & Central Asia,4.51
Turkey,Multilateral,Upper middle income,Mitigation - General,Europe & Central Asia,3.75
Turkey,Multilateral,Upper middle income,Mitigation - General,Europe & Central Asia,4.42
Kazakhstan,Multilateral,Upper middle income,Mitigation - General,Europe & Central Asia,3.5
Serbia,Multilateral,Upper middle income,Mitigation - General,Europe & Central Asia,1.95
Kazakhstan,Multilateral,Upper middle income,Mitigation - General,Europe & Central Asia,1.5
Kazakhstan,Multilateral,Upper middle income,Mitigation - General,Europe & Central Asia,0.74
Kazakhstan,Multilateral,Upper middle income,Mitigation - General,Europe & Central Asia,1.05
Serbia,Multilateral,Upper middle income,Mitigation - General,Europe & Central Asia,0.85
Kazakhstan,Multilateral,Upper middle income,Mitigation - General,Europe & Central Asia,110
Turkey,Multilateral,Upper middle income,Mitigation - General,Europe & Central Asia,50
Turkey,Multilateral,Upper middle income,Mitigation - General,Europe & Central Asia,3.8
Turkey,Multilateral,Upper middle income,Mitigation - General,Europe & Central Asia,28.4
Serbia,Multilateral,Upper middle income,Mitigation - General,Europe & Central Asia,1.41
Turkey,Multilateral,Upper middle income,Mitigation - General,Europe & Central Asia,1.78
Kazakhstan,Multilateral,Upper middle income,Mitigation - General,Europe & Central Asia,0.75
Turkey,Multilateral,Upper middle income,Mitigation - General,Europe & Central Asia,21
Serbia,Multilateral,Upper middle income,Mitigation - General,Europe & Central Asia,1.78
Kazakhstan,Multilateral,Upper middle income,Mitigation - General,Europe & Central Asia,1.78
Turkey,Multilateral,Upper middle income,Mitigation - General,Europe & Central Asia,0.3
Turkey,Multilateral,Upper middle income,Mitigation - General,Europe & Central Asia,0.79
Turkey,Multilateral,Upper middle income,Mitigation - General,Europe & Central Asia,0.1
Mexico,Multilateral,Upper middle income,Mitigation - General,Latin America & Caribbean,15
Peru,Multilateral,Upper middle income,Mitigation - General,Latin America & Caribbean,10
Mexico,Multilateral,Upper middle income,Mitigation - General,Latin America & Caribbean,1
Mexico,Multilateral,Upper middle income,Mitigation - General,Latin America & Caribbean,10.5
Mexico,Multilateral,Upper middle income,Mitigation - General,Latin America & Caribbean,62.02
Mexico,Multilateral,Upper middle income,Mitigation - General,Latin America & Caribbean,38.36
Mexico,Multilateral,Upper middle income,Mitigation - General,Latin America & Caribbean,15.6
Peru,Multilateral,Upper middle income,Mitigation - General,Latin America & Caribbean,2
Mexico,Multilateral,Upper middle income,Mitigation - General,Latin America & Caribbean,50
Venezuela,Multilateral,Upper middle income,Mitigation - General,Latin America & Caribbean,3.64
Mexico,Multilateral,Upper middle income,Mitigation - General,Latin America & Caribbean,7.12
Peru,Multilateral,Upper middle income,Mitigation - General,Latin America & Caribbean,1.64
Mexico,Multilateral,Upper middle income,Mitigation - General,Latin America & Caribbean,5
Mexico,Multilateral,Upper middle income,Mitigation - General,Latin America & Caribbean,70.57
Mexico,Multilateral,Upper middle income,Mitigation - General,Latin America & Caribbean,21.39
Mexico,Multilateral,Upper middle income,Mitigation - General,Latin America & Caribbean,0.32
Mexico,Multilateral,Upper middle income,Mitigation - General,Latin America & Caribbean,51.34
Mexico,Multilateral,Upper middle income,Mitigation - General,Latin America & Caribbean,0.91
Peru,Multilateral,Upper middle income,Mitigation - General,Latin America & Caribbean,4.5
Peru,Multilateral,Upper middle income,Mitigation - General,Latin America & Caribbean,0.31
Mexico,Multilateral,Upper middle income,Mitigation - General,Latin America & Caribbean,16.88
Mexico,Multilateral,Upper middle income,Mitigation - General,Latin America & Caribbean,3
Mexico,Multilateral,Upper middle income,Mitigation - General,Latin America & Caribbean,34.3
Mexico,Multilateral,Upper middle income,Mitigation - General,Latin America & Caribbean,1.8
Mexico,Multilateral,Upper middle income,Mitigation - General,Latin America & Caribbean,13.76
Peru,Multilateral,Upper middle income,Mitigation - General,Latin America & Caribbean,3
Mexico,Multilateral,Upper middle income,Mitigation - General,Latin America & Caribbean,5.79
Paraguay,Multilateral,Upper middle income,Mitigation - General,Latin America & Caribbean,23
Mexico,Multilateral,Upper middle income,Mitigation - General,Latin America & Caribbean,10
Peru,Multilateral,Upper middle income,Mitigation - General,Latin America & Caribbean,10
Peru,Multilateral,Upper middle income,Mitigation - General,Latin America & Caribbean,1.78
"Multi-country (Brazil, Mexico)",Multilateral,Upper middle income,Mitigation - General,Latin America & Caribbean,0.61
Mexico,Multilateral,Upper middle income,Mitigation - General,Latin America & Caribbean,9
Peru,Multilateral,Upper middle income,Mitigation - General,Latin America & Caribbean,8.97
"Multi-country (Colombia, Costa Rica)",Multilateral,Upper middle income,Mitigation - General,Latin America & Caribbean,0.65
Peru,Multilateral,Upper middle income,Mitigation - General,Latin America & Caribbean,0.25
Mexico,Multilateral,Upper middle income,Mitigation - General,Latin America & Caribbean,0.25
Jordan,Multilateral,Upper middle income,Mitigation - General,Middle East & North Africa,6
Jordan,Multilateral,Upper middle income,Mitigation - General,Middle East & North Africa,1
Jordan,Multilateral,Upper middle income,Mitigation - General,Middle East & North Africa,0.97
Iran,Multilateral,Upper middle income,Mitigation - General,Middle East & North Africa,4
Iran,Multilateral,Upper middle income,Mitigation - General,Middle East & North Africa,5.45
Jordan,Multilateral,Upper middle income,Mitigation - General,Middle East & North Africa,0.34
Jordan,Multilateral,Upper middle income,Mitigation - General,Middle East & North Africa,2.64
Jordan,Multilateral,Upper middle income,Mitigation - General,Middle East & North Africa,3
Jordan,Multilateral,Upper middle income,Mitigation - General,Middle East & North Africa,1.14
Jordan,Multilateral,Upper middle income,Mitigation - General,Middle East & North Africa,0.32
South Africa,Multilateral,Upper middle income,Mitigation - General,Sub-Saharan Africa,11
Namibia,Multilateral,Upper middle income,Mitigation - General,Sub-Saharan Africa,2.6
Namibia,Multilateral,Upper middle income,Mitigation - General,Sub-Saharan Africa,0.96
Namibia,Multilateral,Upper middle income,Mitigation - General,Sub-Saharan Africa,0.86
South Africa,Multilateral,Upper middle income,Mitigation - General,Sub-Saharan Africa,6
South Africa,Multilateral,Upper middle income,Mitigation - General,Sub-Saharan Africa,1
South Africa,Multilateral,Upper middle income,Mitigation - General,Sub-Saharan Africa,2.22
South Africa,Multilateral,Upper middle income,Mitigation - General,Sub-Saharan Africa,76.26
South Africa,Multilateral,Upper middle income,Mitigation - General,Sub-Saharan Africa,34.93
South Africa,Multilateral,Upper middle income,Mitigation - General,Sub-Saharan Africa,42.33
Namibia,Multilateral,Upper middle income,Mitigation - General,Sub-Saharan Africa,1.72
South Africa,Multilateral,Upper middle income,Mitigation - General,Sub-Saharan Africa,0.35
South Africa,Multilateral,Upper middle income,Mitigation - General,Sub-Saharan Africa,3.55
South Africa,Multilateral,Upper middle income,Mitigation - General,Sub-Saharan Africa,5.78
South Africa,Multilateral,Upper middle income,Mitigation - General,Sub-Saharan Africa,1.99
South Africa,Multilateral,Upper middle income,Mitigation - General,Sub-Saharan Africa,1.3
South Africa,Multilateral,Upper middle income,Mitigation - General,Sub-Saharan Africa,4.22
South Africa,Multilateral,Upper middle income,Mitigation - General,Sub-Saharan Africa,15
South Africa,Multilateral,Upper middle income,Mitigation - General,Sub-Saharan Africa,5
South Africa,Multilateral,Upper middle income,Mitigation - General,Sub-Saharan Africa,1.1
South Africa,Multilateral,Upper middle income,Mitigation - General,Sub-Saharan Africa,57.67
South Africa,Multilateral,Upper middle income,Mitigation - General,Sub-Saharan Africa,215
South Africa,Multilateral,Upper middle income,Mitigation - General,Sub-Saharan Africa,100
South Africa,Multilateral,Upper middle income,Mitigation - General,Sub-Saharan Africa,30
South Africa,Multilateral,Upper middle income,Mitigation - General,Sub-Saharan Africa,3.24
Namibia,Multilateral,Upper middle income,Mitigation - General,Sub-Saharan Africa,0.9
South Africa,Multilateral,Upper middle income,Mitigation - General,Sub-Saharan Africa,1.22
Seychelles,Multilateral,High income,Mitigation - General,Sub-Saharan Africa,1.16
Seychelles,Multilateral,High income,Mitigation - General,Sub-Saharan Africa,1.77
Seychelles,Multilateral,High income,Mitigation - General,Sub-Saharan Africa,0.42
Maldives,Multilateral,Upper middle income,Mitigation - General,South Asia,3.89
Maldives,Multilateral,Upper middle income,Mitigation - General,South Asia,0.28
Maldives,Multilateral,Upper middle income,Mitigation - General,South Asia,11.68
Maldives,Multilateral,Upper middle income,Mitigation - General,South Asia,12
Maldives,Multilateral,Upper middle income,Mitigation - General,South Asia,30
Maldives,Multilateral,Upper middle income,Mitigation - General,South Asia,0.3
Maldives,Multilateral,Upper middle income,Mitigation - General,South Asia,15
Mauritius,Multilateral,Upper middle income,Mitigation - General,Sub-Saharan Africa,0.91
Mauritius,Multilateral,Upper middle income,Mitigation - General,Sub-Saharan Africa,2.01
Mauritius,Multilateral,Upper middle income,Mitigation - General,Sub-Saharan Africa,1.45
Mauritius,Multilateral,Upper middle income,Mitigation - General,Sub-Saharan Africa,28.21
Mauritius,Multilateral,Upper middle income,Mitigation - General,Sub-Saharan Africa,4.53
Mauritius,Multilateral,Upper middle income,Mitigation - General,Sub-Saharan Africa,5.6
Trinidad and Tobago,Multilateral,High income,Mitigation - General,Latin America & Caribbean,5.15
"Regional  - Latin America and Caribbean SIDS (Antigua And Barbuda, Belize, Grenada, St. Lucia, Trinidad and Tobago)",Multilateral,Not applicable,Mitigation - General,Latin America & Caribbean,4.86
"Multi-country (Antigua and Barbuda, Grenada, St. Vincent and Grenadines)",Multilateral,Not applicable,Mitigation - General,Latin America & Caribbean,3.01
"Regional - Latin America and the Caribbean SIDS (Dominica, Grenada, Saint Kitts and Nevis, Saint Lucia, and Saint Vincent and the Grenadines)",Multilateral,Not applicable,Mitigation - General,Latin America & Caribbean,20
"Regional - Latin America and the Caribbean SIDS (Dominica, Grenada, St. Kitts and Nevis, St. Lucia, St Vincent and the Grenadines)",Multilateral,Not applicable,Mitigation - General,Latin America & Caribbean,80
Jamaica,Multilateral,Upper middle income,Mitigation - General,Latin America & Caribbean,2.36
Suriname,Multilateral,Upper middle income,Mitigation - General,Latin America & Caribbean,4.4
St. Vincent and the Grenadines,Multilateral,Upper middle income,Mitigation - General,Latin America & Caribbean,1.73
Guyana,Multilateral,Upper middle income,Mitigation - General,Latin America & Caribbean,5
Jamaica,Multilateral,Upper middle income,Mitigation - General,Latin America & Caribbean,1.25
St. Lucia,Multilateral,Upper middle income,Mitigation - General,Latin America & Caribbean,1
St. Lucia,Multilateral,Upper middle income,Mitigation - General,Latin America & Caribbean,10
Guyana,Multilateral,Upper middle income,Mitigation - General,Latin America & Caribbean,1.75
Jamaica,Multilateral,Upper middle income,Mitigation - General,Latin America & Caribbean,1.78
St. Lucia,Multilateral,Upper middle income,Mitigation - General,Latin America & Caribbean,0.79
Grenada,Multilateral,Upper middle income,Mitigation - General,Latin America & Caribbean,1.05
Niue,Multilateral,,Mitigation - General,East Asia & Pacific,3.32
Palau,Multilateral,High income,Mitigation - General,East Asia & Pacific,0.98
"Regional - East Asia and Pacific SIDS (Fiji, Marshall Islands, Papua New Guinea, Solomon Islands, Vanuatu)",Multilateral,Not applicable,Mitigation - General,East Asia & Pacific,9.48
Samoa,Multilateral,Upper middle income,Mitigation - General,East Asia & Pacific,6.08
Tonga,Multilateral,Upper middle income,Mitigation - General,East Asia & Pacific,2.64
Nauru,Multilateral,Upper middle income,Mitigation - General,East Asia & Pacific,3.3
Tonga,Multilateral,Upper middle income,Mitigation - General,East Asia & Pacific,29.9
Fiji,Multilateral,Upper middle income,Mitigation - General,East Asia & Pacific,5
Nepal,Multilateral,Low income,Mitigation - General,South Asia,2.52
Nepal,Multilateral,Low income,Mitigation - General,South Asia,3
Nepal,Multilateral,Low income,Mitigation - General,South Asia,31.2
Nepal,Multilateral,Low income,Mitigation - General,South Asia,7.9
Nepal,Multilateral,Low income,Mitigation - General,South Asia,1.65
Nepal,Multilateral,Low income,Mitigation - General,South Asia,0.74
Nepal,Multilateral,Low income,Mitigation - General,South Asia,7.61
Guinea,Multilateral,Low income,Mitigation - General,Sub-Saharan Africa,4.5
Tanzania,Multilateral,Low income,Mitigation - General,Sub-Saharan Africa,6.5
Niger,Multilateral,Low income,Mitigation - General,Sub-Saharan Africa,1.77
Guinea,Multilateral,Low income,Mitigation - General,Sub-Saharan Africa,0.86
Sierra Leone,Multilateral,Low income,Mitigation - General,Sub-Saharan Africa,1.76
Senegal,Multilateral,Low income,Mitigation - General,Sub-Saharan Africa,4
Senegal,Multilateral,Low income,Mitigation - General,Sub-Saharan Africa,0.92
Tanzania,Multilateral,Low income,Mitigation - General,Sub-Saharan Africa,3.35
Senegal,Multilateral,Low income,Mitigation - General,Sub-Saharan Africa,2
Senegal,Multilateral,Low income,Mitigation - General,Sub-Saharan Africa,6.02
Uganda,Multilateral,Low income,Mitigation - General,Sub-Saharan Africa,3.48
Sierra Leone,Multilateral,Low income,Mitigation - General,Sub-Saharan Africa,1.77
Tanzania,Multilateral,Low income,Mitigation - General,Sub-Saharan Africa,5.28
Guinea,Multilateral,Low income,Mitigation - General,Sub-Saharan Africa,2.65
Malawi,Multilateral,Low income,Mitigation - General,Sub-Saharan Africa,1.73
Madagascar,Multilateral,Low income,Mitigation - General,Sub-Saharan Africa,2.86
Tanzania,Multilateral,Low income,Mitigation - General,Sub-Saharan Africa,2.46
Uganda,Multilateral,Low income,Mitigation - General,Sub-Saharan Africa,2.17
Tanzania,Multilateral,Low income,Mitigation - General,Sub-Saharan Africa,3.41
Tanzania,Multilateral,Low income,Mitigation - General,Sub-Saharan Africa,9
Malawi,Multilateral,Low income,Mitigation - General,Sub-Saharan Africa,5.59
Rwanda,Multilateral,Low income,Mitigation - General,Sub-Saharan Africa,48.94
Tanzania,Multilateral,Low income,Mitigation - General,Sub-Saharan Africa,0.7
Madagascar,Multilateral,Low income,Mitigation - General,Sub-Saharan Africa,8
Tanzania,Multilateral,Low income,Mitigation - General,Sub-Saharan Africa,28
Uganda,Multilateral,Low income,Mitigation - General,Sub-Saharan Africa,30
Sierra Leone,Multilateral,Low income,Mitigation - General,Sub-Saharan Africa,0.42
Malawi,Multilateral,Low income,Mitigation - General,Sub-Saharan Africa,0.4
Niger,Multilateral,Low income,Mitigation - General,Sub-Saharan Africa,1.6
Senegal,Multilateral,Low income,Mitigation - General,Sub-Saharan Africa,2.34
"Multi-country (Ethiopia, Malawi, Rwanda)",Multilateral,Low income,Mitigation - General,Sub-Saharan Africa,0.3
Lao PDR,Multilateral,Lower middle income,Mitigation - General,East Asia & Pacific,1.82
Lao PDR,Multilateral,Lower middle income,Mitigation - General,East Asia & Pacific,1.27
Lao PDR,Multilateral,Lower middle income,Mitigation - General,East Asia & Pacific,1.84
Lao PDR,Multilateral,Lower middle income,Mitigation - General,East Asia & Pacific,14.69
Bangladesh,Multilateral,Lower middle income,Mitigation - General,South Asia,3
Bhutan,Multilateral,Lower middle income,Mitigation - General,South Asia,1.7
Bangladesh,Multilateral,Lower middle income,Mitigation - General,South Asia,4.08
Bangladesh,Multilateral,Lower middle income,Mitigation - General,South Asia,3.77
Bangladesh,Multilateral,Lower middle income,Mitigation - General,South Asia,256.48
Zambia,Multilateral,Lower middle income,Mitigation - General,Sub-Saharan Africa,4.5
Lesotho,Multilateral,Lower middle income,Mitigation - General,Sub-Saharan Africa,3.5
Mauritania,Multilateral,Lower middle income,Mitigation - General,Sub-Saharan Africa,1.27
Mauritania,Multilateral,Lower middle income,Mitigation - General,Sub-Saharan Africa,8.22
Zambia,Multilateral,Lower middle income,Mitigation - General,Sub-Saharan Africa,52.5
Lesotho,Multilateral,Lower middle income,Mitigation - General,Sub-Saharan Africa,5
Lesotho,Multilateral,Lower middle income,Mitigation - General,Sub-Saharan Africa,12.9
Zambia,Multilateral,Lower middle income,Mitigation - General,Sub-Saharan Africa,10
Zambia,Multilateral,Lower middle income,Mitigation - General,Sub-Saharan Africa,1.36
"Regional - Sub-Saharan Africa (Benin, Burkina Faso, Guinea-Bissau, Mali, Niger, Togo)",Multilateral,Not applicable,Mitigation - General,Sub-Saharan Africa,59.11
Sao Tome and Principe,Multilateral,Lower middle income,Mitigation - General,Sub-Saharan Africa,1.97
Vanuatu,Multilateral,Lower middle income,Mitigation - General,East Asia & Pacific,7
Vanuatu,Multilateral,Lower middle income,Mitigation - General,East Asia & Pacific,2.64
Vanuatu,Multilateral,Lower middle income,Mitigation - General,East Asia & Pacific,6.77
Zimbabwe,Multilateral,Low income,Mitigation - General,Sub-Saharan Africa,1.21
Lebanon,Multilateral,Upper middle income,Mitigation - General,Middle East & North Africa,1.45
Iraq,Multilateral,Upper middle income,Mitigation - General,Middle East & North Africa,2.23
Lebanon,Multilateral,Upper middle income,Mitigation - General,Middle East & North Africa,3.55
Iraq,Multilateral,Upper middle income,Mitigation - General,Middle East & North Africa,3.09
Papua New Guinea,Multilateral,Lower middle income,Mitigation - General,East Asia & Pacific,0.91
Papua New Guinea,Multilateral,Lower middle income,Mitigation - General,East Asia & Pacific,2.84
Micronesia,Multilateral,Lower middle income,Mitigation - General,East Asia & Pacific,1.78
Marshall Islands,Multilateral,Upper middle income,Mitigation - General,East Asia & Pacific,0.98
Marshall Islands,Multilateral,Upper middle income,Mitigation - General,East Asia & Pacific,2.19
Afghanistan,Multilateral,Low income,Mitigation - General,South Asia,1.74
Togo,Multilateral,Low income,Mitigation - General,Sub-Saharan Africa,1.82
Liberia,Multilateral,Low income,Mitigation - General,Sub-Saharan Africa,1.76
Mali,Multilateral,Low income,Mitigation - General,Sub-Saharan Africa,0.95
Liberia,Multilateral,Low income,Mitigation - General,Sub-Saharan Africa,1.45
Mali,Multilateral,Low income,Mitigation - General,Sub-Saharan Africa,14.9
Mali,Multilateral,Low income,Mitigation - General,Sub-Saharan Africa,1.16
Mali,Multilateral,Low income,Mitigation - General,Sub-Saharan Africa,1.5
Liberia,Multilateral,Low income,Mitigation - General,Sub-Saharan Africa,2.64
Mozambique,Multilateral,Low income,Mitigation - General,Sub-Saharan Africa,2.85
Liberia,Multilateral,Low income,Mitigation - General,Sub-Saharan Africa,25
Togo,Multilateral,Low income,Mitigation - General,Sub-Saharan Africa,2.62
Mali,Multilateral,Low income,Mitigation - General,Sub-Saharan Africa,25
South Sudan,Multilateral,Low income,Mitigation - General,Sub-Saharan Africa,9
Liberia,Multilateral,Low income,Mitigation - General,Sub-Saharan Africa,23.5
Mali,Multilateral,Low income,Mitigation - General,Sub-Saharan Africa,8.7
Mali,Multilateral,Low income,Mitigation - General,Sub-Saharan Africa,25.16
Togo,Multilateral,Low income,Mitigation - General,Sub-Saharan Africa,0.42
Mali,Multilateral,Low income,Mitigation - General,Sub-Saharan Africa,1.78
Somalia,Multilateral,Low income,Mitigation - General,Sub-Saharan Africa,3.28
Myanmar,Multilateral,Lower middle income,Mitigation - General,East Asia & Pacific,2.73
Myanmar,Multilateral,Lower middle income,Mitigation - General,East Asia & Pacific,2.22
Myanmar,Multilateral,Lower middle income,Mitigation - General,East Asia & Pacific,4.93
Myanmar,Multilateral,Lower middle income,Mitigation - General,East Asia & Pacific,3.99
Sudan,Multilateral,Lower middle income,Mitigation - General,Sub-Saharan Africa,3.65
Sudan,Multilateral,Lower middle income,Mitigation - General,Sub-Saharan Africa,3.54
Sudan,Multilateral,Lower middle income,Mitigation - General,Sub-Saharan Africa,4.37
Sudan,Multilateral,Lower middle income,Mitigation - General,Sub-Saharan Africa,1.77
Sudan,Multilateral,Lower middle income,Mitigation - General,Sub-Saharan Africa,2.64
Sudan,Multilateral,Lower middle income,Mitigation - General,Sub-Saharan Africa,0.5
Guinea-Bissau,Multilateral,Low income,Mitigation - General,Sub-Saharan Africa,1.74
Guinea-Bissau,Multilateral,Low income,Mitigation - General,Sub-Saharan Africa,3.3
Guinea-Bissau,Multilateral,Low income,Mitigation - General,Sub-Saharan Africa,2.91
Guinea-Bissau,Multilateral,Low income,Mitigation - General,Sub-Saharan Africa,0.75
Haiti,Multilateral,Low income,Mitigation - General,Latin America & Caribbean,0.98
Haiti,Multilateral,Low income,Mitigation - General,Latin America & Caribbean,1
Haiti,Multilateral,Low income,Mitigation - General,Latin America & Caribbean,16
Haiti,Multilateral,Low income,Mitigation - General,Latin America & Caribbean,6
Haiti,Multilateral,Low income,Mitigation - General,Latin America & Caribbean,13.62
Haiti,Multilateral,Low income,Mitigation - General,Latin America & Caribbean,1.32
Haiti,Multilateral,Low income,Mitigation - General,Latin America & Caribbean,7.5
Haiti,Multilateral,Low income,Mitigation - General,Latin America & Caribbean,3.15
Solomon Islands,Multilateral,Lower middle income,Mitigation - General,East Asia & Pacific,0.95
Kiribati,Multilateral,Lower middle income,Mitigation - General,East Asia & Pacific,1
Timor Leste,Multilateral,Lower middle income,Mitigation - General,East Asia & Pacific,1.74
Solomon Islands,Multilateral,Lower middle income,Mitigation - General,East Asia & Pacific,6.2
Solomon Islands,Multilateral,Lower middle income,Mitigation - General,East Asia & Pacific,2.64
Solomon Islands,Multilateral,Lower middle income,Mitigation - General,East Asia & Pacific,7.1
Timor Leste,Multilateral,Lower middle income,Mitigation - General,East Asia & Pacific,9.98
Kiribati,Multilateral,Lower middle income,Mitigation - General,East Asia & Pacific,3.7
Tuvalu,Multilateral,Upper middle income,Mitigation - General,East Asia & Pacific,2.64
,,,,,
,,,,,
,,,,,
,,,,,
,,,,,
,,,,,
,,,,,
,,,,,
,,,,,
,,,,,
,,,,,
